Year,First Author,Section,Subsection,Topic,Method,Paper Title,Simulation Tested,Hardware Tested,Vehicle Type,Racing Series,Link to Paper,Link to Open Source Code
1989,Metz Daniel,2-Planning,1 - Global,Optimal Control,Optimal Control,Near time-optimal control of racing vehicles,Yes,No,-,-,https://www.sciencedirect.com/science/article/abs/pii/0005109889900526?via%3Dihub#!,
2005,Wymann Bernhard,5-Applied Studies,4-Simulation,Simulation Environment,Simulation,"TORCS, The Open Racing Car Simulator",Yes,No,-,-,https://citeseerx.ist.psu.edu/viewdoc/download?doi=10.1.1.710.6672&rep=rep1&type=pdf,
2008,Braghin F,2-Planning,1 - Global,Minimum Curvature,Optimization,Race driver model,Yes,No,-,-,https://www.sciencedirect.com/science/article/abs/pii/S0045794908000163?via%3Dihub,
2008,Perez Diego,4-End-to-End,0-Optimization,Optimize Control Policy,Rule base Evolutionary Algorithm,Evolving a rule system controller for automatic driving in a car racing competition,Yes,No,-,-,https://ieeexplore.ieee.org/document/5035659,
2009,Kelly Pat,2-Planning,1 - Global,Control,Time Optimal,Time-optimal control of the race car: a numerical method to emulate the ideal driver,Yes,No,-,-,https://www.tandfonline.com/doi/abs/10.1080/00423110903514236,
2009,Butz Martin,2-Planning,3 - Behavioral,Behavioral Strategies,Optimization,Optimized sensory-motor couplings plus strategy extensions for the TORCS car racing challenge,Yes,No,-,-,https://ieeexplore.ieee.org/document/5286458,
2010,Cardamone Luigi,2-Planning,1 - Global,Minimum Curvature,Optimization ,Searching for the Optimal Racing Line Using Genetic Algorithms,Yes,No,-,-,https://ieeexplore.ieee.org/document/5593330,
2010,Loiacona Daniele,2-Planning,3 - Behavioral,Overtaking Strategies,Reinforcement Learning,Learning to overtake in TORCS using simple reinforcement learning,Yes,No,-,-,https://ieeexplore.ieee.org/document/5586191,
2010,Voser Christoph,3-Control,1-Classic Control Approaches,Controller Analysis,Controller Analysis,Analysis and control of high sideslip manoeuvres,Yes,Yes,Real Car,Real Car,https://www.tandfonline.com/doi/abs/10.1080/00423111003746140,
2010,Kritayakirana Kirsada,3-Control,1-Classic Control Approaches,Speed Control,feedforward longitudinal controller,Autonomous Cornering at the Limits: Maxmimize a gg diagram by using feedfroward trail-braking and throttle on Exit,Yes,Yes,Real Car,Real Car,https://www.sciencedirect.com/science/article/pii/S1474667015368865,
2011,Quadflieg Jan,2-Planning,1 - Global,Minimum-Time,CMA-ES,Driving Faster Than a Human Player,Yes,No,-,-,https://link.springer.com/chapter/10.1007/978-3-642-20525-5_15,
2011,Theodosis Paul,2-Planning,1 - Global,Multi-Step,Raceline,Generating a Racing Line for an Autonomous Racecar Using Professional Driving Techniques,Yes,Yes,Real Car,Real Car,https://asmedigitalcollection.asme.org/DSCC/proceedings-abstract/DSCC2011/853/353667,
2011,Talvala Kristin,3-Control,1-Classic Control Approaches,Path Tracking,Lookaehead control,Pushing the limits: From lanekeeping to autonomous racing,Yes,Yes,Real Car,Real Car,https://www.sciencedirect.com/science/article/abs/pii/S1367578811000101,
2012,Theodosis Paul,2-Planning,1 - Global,Multi-Step,Optimization,Nonlinear Optimization of a Racing Line for an Autonomous Racecar Using Professional Driving Techniques ,Yes,Yes,Real Car,Real Car,https://asmedigitalcollection.asme.org/DSCC/proceedings-abstract/DSCC2012-MOVIC2012/235/229273,
2012,Kritayakirana Kirsada,3-Control,1-Classic Control Approaches,Path Tracking,COP feedforward and feedback steering. ,Using the centre of percussion to design a steering controller for an autonomous race car,Yes,Yes,Real Car,Real Car,https://www.tandfonline.com/doi/abs/10.1080/00423114.2012.672842,
2012,Kritayakirana Kirsada,3-Control,1-Classic Control Approaches,Path Tracking at the Limits,Lanekeeping steering feedback and wheel slip feedback controllers ,Autonomous vehicle control at the limits of handling,Yes,Yes,Real Car,Real Car,https://www.inderscienceonline.com/doi/abs/10.1504/IJVAS.2012.051270,
2012,Beal Craig,3-Control,2-Model Predictive Control,Path Tracking,MPC Envelope,Model Predictive Control for Vehicle Stabilization at the Limits of Handling,Yes,Yes,Real Car,Real Car,https://ieeexplore.ieee.org/abstract/document/6226838,
2012,Funke Joseph,5-Applied Studies,2- Complete Software Stack,Software Stack and Controller Framework,Framework,Up to the limits: Autonomous Audi TTS,Yes,Yes,Real Car,Real Car,https://ieeexplore.ieee.org/abstract/document/6232212,
2013,Jeong Jeon,2-Planning,2 - Local,Optimal Motion Planning,RRT*,Optimal motion planning with the half-car dynamical model for autonomous high-speed driving,Yes,No,-,-,https://ieeexplore.ieee.org/abstract/document/6579835,
2013,Samper Meijia Juan,5-Applied Studies,1- Evaluation,Overall Racing Comparison,Path Analyzation,Using a Path-Fitting Algorithm to Analyze the Racing Techniques of a Skilled Driver,Yes,Yes,Real Car,Real Car,https://asmedigitalcollection.asme.org/DSCC/proceedings-abstract/DSCC2013/56147/V003T47A006/228808,
2014,Liniger Alexander,2-Planning,4 - Planning&Control,Local Path Planner,NMPC,Optimization-based autonomous racing of 1:43 scale RC cars,Yes,Yes,Small-Scale,1:43 car,https://onlinelibrary.wiley.com/doi/abs/10.1002/oca.2123,
2014,Hindiyeh Rami,3-Control,4-Drifting Control,Controller Framework for Drifting,Sideslip Tracking,"A Controller Framework for Autonomous Drifting: Design, Stability, and Experimental Validation",Yes,Yes,Real Car,Real Car,https://asmedigitalcollection.asme.org/dynamicsystems/article-abstract/136/5/051015/370811/A-Controller-Framework-for-Autonomous-Drifting?redirectedFrom=fulltext,
2014,Drage Thomas,6-Hardware,Software + Hardware,Overall Software /Hardware,Framework,Development of an Autonomous Formula SAE Car with Laser Scanner and GPS,Yes,Yes,Small-Scale,Formula Student,https://www.sciencedirect.com/science/article/pii/S1474667016420100,
2014,Hart Kyle,6-Hardware,Software + Hardware,Overall Software /Hardware,Framework,RoSCAR: robot stock car autonomous racing,Yes,Yes,Small-Scale,F1TENTH-RoSCAR,https://dl.acm.org/doi/pdf/10.1145/2609829.2609837,
2015,Rucco Alexander,2-Planning,1 - Global,Minimum-Time,Optimization,An Efficient Minimum-Time Trajectory Generation Strategy for Two-Track Car Vehicles,Yes,No,-,-,https://ieeexplore.ieee.org/document/7047758,
2015,Liniger Alexander,2-Planning,2 - Local,Local Path Planner,MPC Viability Approach,A viability approach for fast recursive feasible finite horizon path planning of autonomous RC cars,Yes,Yes,Small-Scale,1:43 car,https://dl.acm.org/doi/abs/10.1145/2728606.2728620,
2015,Kapania Nitin,3-Control,1-Classic Control Approaches,Path Tracking at the Limits,Feedback-feedforward steering controller ,Design of a feedback-feedforward steering controller for accurate path tracking and stability at the limits of handling,Yes,Yes,Real Car,Real Car,https://www.tandfonline.com/doi/full/10.1080/00423114.2015.1055279,
2015,Park Hyungchai,3-Control,1-Classic Control Approaches,Tire Force Allocation,convex optimization,Optimal tire force allocation for trajectory tracking with an over-actuated vehicle,Yes,Yes,Real Car,Real Car,https://ieeexplore.ieee.org/abstract/document/7225820,
2015,Kapania Nitin,3-Control,3-Learning Based Control,Iterative Learning Control,"PD-ILC, Q-ILC",Path tracking of highly dynamic autonomous vehicle trajectories via iterative learning control,Yes,Yes,Real Car,Real Car,https://ieeexplore.ieee.org/abstract/document/7171151,
2016,Anderson Jeffry,2-Planning,2 - Local,Optimal Motion Planning,MPC,Modeling a professional driver in ultra-high performance maneuvers with a hybrid cost MPC,Yes,No,-,-,https://ieeexplore.ieee.org/document/7525209,
2016,Kapania Nitin,2-Planning,2 - Local,Trajectory Generation,Two Step,A Sequential Two-Step Algorithm for Fast Generation of Vehicle Racing Trajectories,Yes,Yes,Real Car,Real Car,https://asmedigitalcollection.asme.org/dynamicsystems/article-abstract/138/9/091005/384344/A-Sequential-Two-Step-Algorithm-for-Fast?redirectedFrom=fulltext,
2016,Williams Grady,2-Planning,4 - Planning&Control,Local Path Planner,MPPI,Aggressive driving with model predictive path integral control,Yes,Yes,Small-Scale,Auto Rally,https://ieeexplore.ieee.org/document/7487277,
2016,Carrau Jesus,3-Control,2-Model Predictive Control,Learning the Dynamics/Uncertainties,sparse Randomized MPC (Stochastic MPC),Efficient implementation of Randomized MPC for miniature race cars,Yes,Yes,Small-Scale,1:43 car,https://ieeexplore.ieee.org/document/7810413,
2016,Verschueren Robin,3-Control,2-Model Predictive Control,Minimum Time Control,NMPC,Time-optimal race car driving using an online exact hessian based nonlinear MPC algorithm,Yes,No,-,-,https://ieeexplore.ieee.org/document/7810277,
2016,Williams Grady,3-Control,2-Model Predictive Control,Path Tracking,Model Predictive Path Integral Control (MPPI),Aggressive driving with model predictive path integral control,Yes,No,-,-,https://ieeexplore.ieee.org/abstract/document/7487277,
2016,Goh Jonathan,3-Control,4-Drifting Control,Controller Framework for Drifting,Sideslip and Lateral Error Tracking,Simultaneous stabilization and tracking of basic automobile drifting trajectories,Yes,Yes,Real Car,Real Car,https://ieeexplore.ieee.org/abstract/document/7535448,
2016,Kegelman John,5-Applied Studies,1- Evaluation,Overall Racing Comparison,Simulator Study,Insights into vehicle trajectories at the handling limits: analysing open data from race car drivers,Yes,Yes,Real Car,Real Car,https://www.tandfonline.com/doi/full/10.1080/00423114.2016.1249893,
2017,Bevilacqua M,2-Planning,1 - Global,Minimum-Time,Particle Swarm,Particle swarm for path planning in a racing circuit simulation,Yes,No,-,-,https://ieeexplore.ieee.org/document/7969735,
2017,Kuhn Wolfgang,2-Planning,1 - Global,Overall,Numerical Calculation,Methodology for the numerical calculation of racing lines and the virtual assessment of driving behavior for training circuits for the automobile industry,Yes,No,-,-,https://www.sciencedirect.com/science/article/pii/S2352146517304593,
2017,Arslan Oktay,2-Planning,2 - Local,Optimal Motion Planning,RRT,Sampling-based algorithms for optimal motion planning using closed-loop prediction,Yes,Yes,Small-Scale,Auto Rally,https://ieeexplore.ieee.org/document/7989581,
2017,Williams Grady,2-Planning,2 - Local,Optimal Motion Planning,MPC + Game Theory,Autonomous Racing with AutoRally Vehicles and Differential Games,Yes,Yes,Small-Scale,Auto Rally,https://arxiv.org/abs/1707.04540,
2017,Funke Joseph,2-Planning,4 - Planning&Control,Evasive Maneuvers,MPC,Collision Avoidance and Stabilization for Autonomous Vehicles in Emergency Scenarios,Yes,Yes,Real Car,Real Car,https://ieeexplore.ieee.org/abstract/document/7585053,
2017,Buyal Alexander,2-Planning,4 - Planning&Control,Overtaking Strategies,NMPC,Deriving overtaking strategy from nonlinear model predictive control for a race car,Yes,Yes,Real Car,Roborace,https://ieeexplore.ieee.org/document/8206086,
2017,Ni Jun,3-Control,1-Classic Control Approaches,Path Tracking,"Lat, Long, Yaw Control",Path following control for autonomous formula racecar: Autonomous formula student competition,Yes,Yes,Small-Scale,Formula Student,https://ieeexplore.ieee.org/abstract/document/7995972,
2017,Laurense Vincent,3-Control,1-Classic Control Approaches,Path Tracking at the Limits,slip angle-based control strategy,Path-tracking for autonomous vehicles at the limit of friction,Yes,Yes,Real Car,Real Car,https://ieeexplore.ieee.org/abstract/document/7963824,
2017,Williams Grady,3-Control,2-Model Predictive Control,Learning the Dynamics,MPC + RL,Information theoretic MPC for model-based reinforcement learning,Yes,Yes,Small-Scale,Auto Rally,https://ieeexplore.ieee.org/document/7989202,
2017,Liniger Alexander,3-Control,2-Model Predictive Control,Learning the Dynamics/Uncertainties,sparse Randomized MPC (Stochastic MPC),Racing miniature cars: Enhancing performance using Stochastic MPC and disturbance feedback,Yes,Yes,Small-Scale,1:43 car,https://ieeexplore.ieee.org/document/7963833,
2017,Drews Paul,3-Control,2-Model Predictive Control,Provide cost map of driveable area,MPC + CNN,Aggressive Deep Driving: Model Predictive Control with a CNN Cost Model,Yes,No,-,-,https://arxiv.org/abs/1707.05303,
2017,Brunner Maximilian,3-Control,3-Learning Based Control,Iterative Learning Control,Learning MPC (LMPC),Repetitive learning model predictive control: An autonomous racing example,Yes,Yes,Small-Scale,F1TENTH-Berkeley,https://ieeexplore.ieee.org/abstract/document/8264027,
2017,Rosolia Ugo,3-Control,3-Learning Based Control,Iterative Learning Control,Learning MPC (LMPC),Autonomous racing using learning Model Predictive Control,Yes,No,-,-,https://ieeexplore.ieee.org/abstract/document/7963748,
2017,Rosolia Ugo,3-Control,3-Learning Based Control,Iterative Learning Control,Learning MPC (LMPC),Learning Model Predictive Control for Iterative Tasks: A Computationally Efficient Approach for Linear System,Yes,No,-,-,https://www.sciencedirect.com/science/article/pii/S2405896317306523,
2017,Rosolia Ugo,3-Control,3-Learning Based Control,Iterative Learning Control,Robust Learning MPC  (RLMPC),Robust learning model predictive control for iterative tasks: Learning from experience,Yes,No,-,-,https://ieeexplore.ieee.org/abstract/document/8263812,
2017,Liniger Alexander,3-Control,5-Optimization,Viable Trajectory generation,MPC + Viability Theory,Real-Time Control for Autonomous Racing Based on Viability Theory,Yes,Yes,Small-Scale,1:43 car,https://ieeexplore.ieee.org/stamp/stamp.jsp?arnumber=8167318,
2017,Salem Mohamed,4-End-to-End,0-Optimization,Optimize Control Policy,Fuzzy Logic Evaluationary Algorithm,Driving in TORCS Using Modular Fuzzy Controllers,Yes,No,-,-,https://link.springer.com/chapter/10.1007/978-3-319-55849-3_24,
2017,Perot Etienne,4-End-to-End,2-Reinforcement Learning,Vision based Planning,Advantage actor-critic (A3C),End-to-End Driving in a Realistic Racing Game with Deep Reinforcement Learning,Yes,No,-,-,https://ieeexplore.ieee.org/document/8014798,
2017,Funk Niklas,5-Applied Studies,2- Complete Software Stack,Complete Software Stack,Framework,Autonomous Electric Race Car Design,Yes,Yes,Small-Scale,Formula Student,https://arxiv.org/abs/1711.00548,
2017,Park Hyungchai,5-Applied Studies,3- Modelling,Tire Forces,Modelling,Analysis of Feasible Tire Force Regions for Optimal Tire Force Allocation with Limited Actuation,Yes,Yes,Real Car,Real Car,https://ieeexplore.ieee.org/abstract/document/7990652,
2017,You Changxi,5-Applied Studies,3- Modelling,Vehicle Dynamics,UKF,Vehicle modeling and parameter estimation using adaptive limited memory joint-state UKF,Yes,Yes,Small-Scale,Auto Rally,https://ieeexplore.ieee.org/document/7962973,
2017,Karaman Sertac,6-Hardware,Software + Hardware,Overall Software /Hardware,Overall Software /Hardware,"Project-based, collaborative, algorithmic robotics for high school students: Programming self-driving race cars at MIT",Yes,Yes,Small-Scale,F1TENTH-MIT,https://ieeexplore.ieee.org/document/7910242,
2017,Zeillinger Marcel,6-Hardware,Software + Hardware,Overall Software /Hardware,Framework,Design of an Autonomous Race Car for the Formula Student Driverless (FSD),Yes,Yes,Small-Scale,Formula Student,https://publik.tuwien.ac.at/files/publik_262887.pdf,
2018,Valls Miguel,1-Perception,2 - Localization,State Estimation,Kalman Filter,"Design of an Autonomous Racecar: Perception, State Estimation and System Integration",Yes,Yes,Small-Scale,Formula Student,https://ieeexplore.ieee.org/document/8462829,
2018,You Changxi,2-Planning,2 - Local,Trail Braking,Trajectory Learning,Real-Time Trail-Braking Maneuver Generation for Off-Road Vehicle Racing,Yes,Yes,Small-Scale,Auto Rally,https://ieeexplore.ieee.org/document/8431620,
2018,Liniger Alexander,2-Planning,4 - Planning&Control,Local Path Planner,NMPC,Path Planning and Control for Autonomous Racing,Yes,Yes,Small-Scale,1:43 car,https://www.research-collection.ethz.ch/handle/20.500.11850/302942,
2018,Caporale Danilo,2-Planning,4 - Planning&Control,Local Path Planner,Classic Control,A Planning and Control System for Self-Driving Racing Vehicles,Yes,Yes,Real Car,Roborace,https://ieeexplore.ieee.org/document/8548444,
2018,Fu Miaomiao,3-Control,1-Classic Control Approaches,Path Tracking at the Limits,Maximize GG,Path Tracking for Autonomous Race Car Based on G-G Diagram,Yes,Yes,Small-Scale,Formula Student,https://link.springer.com/article/10.1007/s12239-018-0063-7,
2018,Laurense Vincent,3-Control,1-Classic Control Approaches,Speed Control,slip angle-based control strategy,Speed Control for Robust Path-Tracking for Automated Vehicles at the Tire-Road Friction Limit,Yes,Yes,Real Car,Real Car,https://ddl.stanford.edu/publications/speed-control-robust-path-tracking-automated-vehicles-tire-road-friction-limit,
2018,Chatzikomis Christoferos,3-Control,1-Classic Control Approaches,Torque Vectoring,Torque Vectoring,Comparison of Path Tracking and Torque-Vectoring Controllers for Autonomous Electric Vehicles,Yes,Yes,Real Car,Roborace,https://ieeexplore.ieee.org/document/8485375,
2018,Williams Grady,3-Control,2-Model Predictive Control,Agile Interactions,MPC + Game Theory,Best Response Model Predictive Control for Agile Interactions Between Autonomous Ground Vehicles,Yes,Yes,Small-Scale,Auto Rally,https://ieeexplore.ieee.org/abstract/document/8462831,
2018,Williams Grady,3-Control,2-Model Predictive Control,Stochastic Optimal Control,Sampling Based MPC,Information-Theoretic Model Predictive Control: Theory and Applications to Autonomous Driving,Yes,Yes,Small-Scale,Auto Rally,https://ieeexplore.ieee.org/document/8558663,
2018,Williams Grady,3-Control,2-Model Predictive Control,Uncertainty Quantification for Trajectory Tracking,Tube MPC,Robust Sampling Based Model Predictive Control with Sparse Objective Information,Yes,Yes,Small-Scale,Auto Rally,http://roboticsproceedings.org/rss14/p42.pdf,
2018,Bujarbaruah Monimoy,3-Control,3-Learning Based Control,Iterative Learning Control,Adaptive MPC,Adaptive MPC for Iterative Tasks,Yes,No,-,-,https://ieeexplore.ieee.org/abstract/document/8618694,
2018,Ji Xuewu,3-Control,3-Learning Based Control,lateral motion control,DNN + backstepping variable structure control,Adaptive-neural-network-based robust lateral motion control for autonomous vehicle at driving limits,Yes,Yes,Small-Scale,Formula Student,https://www.sciencedirect.com/science/article/pii/S0967066118300881,
2018,Hewig Lukas,3-Control,3-Learning Based Control,Reduce Model Uncerctainty,NMPC + Gaussian Process,Cautious NMPC with Gaussian Process Dynamics for Autonomous Miniature Race Cars,Yes,Yes,Small-Scale,1:43 car,https://ieeexplore.ieee.org/document/8550162,
2018,Goh Jonathan,3-Control,4-Drifting Control,Controller Framework for Drifting,Sideslip and Lateral Error Tracking,A Controller for Automated Drifting Along Complex Trajectories,Yes,Yes,Real Car,Real Car,https://ddl.stanford.edu/sites/g/files/sbiybj9456/f/marty_avec2018_fullpaper.pdf,
2018,Salem Mohamed,4-End-to-End,0-Optimization,Evaluation and Tuning of Controller,Fuzzy Logic Evaluationary Algorithm,The Evolutionary Race: Improving the Process of Evaluating Car Controllers in Racing Simulators,Yes,No,-,-,https://ieeexplore.ieee.org/document/8490364,
2018,Oliveira,4-End-to-End,0-Optimization,Optimize Control Policy,Bayesion Optimization,Learning to Race Through Coordinate Descent Bayesian Optimisation,Yes,No,-,-,https://ieeexplore.ieee.org/document/8460735,
2018,Korkmaz Berk,4-End-to-End,0-Optimization,Vision based Planning,Fuzzy Logic Evaluationary Algorithm,Fuzzy Logic Based Self-Driving Racing Car Control System,Yes,No,-,-,https://ieeexplore.ieee.org/document/8751900,
2018,Pan Yunpeng,4-End-to-End,2-Reinforcement Learning,Vision based Planning,Imitation Learning,Agile Autonomous Driving using End-to-End Deep Imitation Learning,Yes,Yes,Small-Scale,Auto Rally,http://www.roboticsproceedings.org/rss14/p56.html,
2018,De Bruin Tim,4-End-to-End,2-Reinforcement Learning,Vision based Planning,"Q-Learning, State representation Learning",Integrating State Representation Learning Into Deep Reinforcement Learning,Yes,No,-,-,https://ieeexplore.ieee.org/document/8276247,
2018,Jaritz Maximilian,4-End-to-End,2-Reinforcement Learning,Vision based Planning,Advantage actor-critic (A3C),End-to-End Race Driving with Deep Reinforcement Learning,Yes,No,-,-,https://ieeexplore.ieee.org/document/8460934,
2018,Tian Hangquing,5-Applied Studies,2- Complete Software Stack,Complete Software Stack,Framework,Autonomous Driving System Design for Formula Student Driverless Racecar,Yes,Yes,Small-Scale,Formula Student,https://ieeexplore.ieee.org/document/8500471,
2018,Zhang Vivia,5-Applied Studies,3- Modelling,Modelling,Modelling,Tire Modeling to Enable Model Predictive Control of Automated Vehicles From Standstill to the Limits of Handling,Yes,Yes,Real Car,Real Car,https://ddl.stanford.edu/sites/g/files/sbiybj9456/f/Zhang_2018_avec.pdf,
2018,Heilmeier Alexander,5-Applied Studies,4-Simulation,Race Simulation,Simulation,A Race Simulation for Strategy Decisions in Circuit Motorsports,Yes,Yes,Real Car,Roborace,https://ieeexplore.ieee.org/abstract/document/8570012,
2019,Betz Johannes,0-Introduction,Overall Autonomous Racing,Overall,Literature,What can we learn from autonomous level-5 motorsport?,-,Yes,Real Car,Roborace,https://link.springer.com/chapter/10.1007%2F978-3-658-22050-1_12,
2019,Falanga Davide,1-Perception,0 - Overall,Overall,Overall Analysis,How Fast Is Too Fast? The Role of Perception Latency in High-Speed Sense and Avoid,Yes,Yes,Drones,Drones,https://ieeexplore.ieee.org/document/8636976,
2019,Palafox Pablo,1-Perception,1 - Mapping,Free Space detection,Semantic Segmentation,Semanticdepth: Fusing semantic segmentation and monocular depth estimation for enabling autonomous driving in roads without lane lines,Yes,Yes,Real Car,Roborace,https://www.mdpi.com/1424-8220/19/14/3224/htm,https://github.com/TUMFTM/semantic_depth
2019,Nobis Felix,1-Perception,1 - Mapping,Mapping ,SLAM,Autonomous racing: A comparison of slam algorithms for large scale outdoor environments,Yes,Yes,Real Car,Roborace,https://dl.acm.org/doi/abs/10.1145/3332305.3332319,
2019,Brunnbauer Axel,1-Perception,2 - Localization,Localization,Cones,Traffic cone based self-localization on a 1:10 race car,Yes,Yes,Small-Scale,F1TENTH,https://diglib.tugraz.at/download.php?id=5d09dba11efec&location=browse,
2019,Gotlieb Adam,1-Perception,2 - Localization,Localization,Fusion,Localization-based software architecture for 1:10 scale autonomous car,Yes,Yes,Small-Scale,F1TENTH,https://ieeexplore.ieee.org/document/8755418,
2019,Stahl Tim,1-Perception,2 - Localization,Localization,Particle Filter,ROS-based localization of a race vehicle at high-speed using LIDAR,Yes,Yes,Real Car,Roborace,https://www.e3s-conferences.org/articles/e3sconf/abs/2019/21/e3sconf_icpeme2018_04002/e3sconf_icpeme2018_04002.html,
2019,Gosala Nikhil,1-Perception,2 - Localization,Perception & State Estimation,SLAM,Redundant Perception and State Estimation for Reliable Autonomous Racing,Yes,Yes,Small-Scale,Formula Student,https://ieeexplore.ieee.org/document/8794155,
2019,Wischnewski Alexander,1-Perception,2 - Localization,State Estimation,Kalman Filter,Vehicle Dynamics State Estimation and Localization for High Performance Race Cars⁎,Yes,Yes,Real Car,Roborace,https://www.sciencedirect.com/science/article/pii/S2405896319303957,
2019,De Rita Nicolo,1-Perception,4 - Object Detection,Object Detection,Deep Learning,CNN-based Object Detection on Low Precision Hardware: Racing Car Case Study,Yes,Yes,Small-Scale,Formula Student,https://ieeexplore.ieee.org/document/8814001,
2019,Dhall Ankit,1-Perception,4 - Object Detection,Object Detection,DNN,Real-time 3D Traffic Cone Detection for Autonomous Driving,Yes,Yes,Small-Scale,Formula Student,https://ieeexplore.ieee.org/document/8814089,
2019,Heilmeier Alexander,2-Planning,1 - Global,Minimum Curvature,Optimization,Minimum curcature trajectory planning and control,Yes,Yes,Real Car,Roborace,https://www.tandfonline.com/doi/10.1080/00423114.2019.1631455,https://github.com/TUMFTM/global_racetrajectory_optimization
2019,Christ Fabian,2-Planning,1 - Global,Minimum-Time,Optimization,Time-optimal trajectory planning for a race car considering variable tyre-road friction coefficients,Yes,Yes,Real Car,Roborace,https://www.tandfonline.com/doi/abs/10.1080/00423114.2019.1704804,https://github.com/TUMFTM/global_racetrajectory_optimization
2019,Dal Bianco Nicola,2-Planning,1 - Global,Minimum-Time,Optimal Control,Comparison of direct and indirect methods for minimum lap time optimal control problems,Yes,No,-,-,https://www.tandfonline.com/doi/abs/10.1080/00423114.2018.1480048?journalCode=nvsd20,
2019,Gundlach Ingmar,2-Planning,1 - Global,Minimum-Time,Optimization,Modellbasierte Online-Trajektorienplanung für zeitoptimale Rennlinien,Yes,No,-,-,https://www.degruyter.com/document/doi/10.1515/auto-2019-0032/html,
2019,Herrmann Thomas,2-Planning,1 - Global,Minimum-Time + Minimum Energy,Optimization,Energy management strategy for an autonomous electric racecar using optimal control,No,Yes,Real Car,Roborace,https://ieeexplore.ieee.org/abstract/document/8917154,
2019,Wang Mingyu,2-Planning,2 - Local,Game Theory,Nonlinear receding horizon,Game Theoretic Planning for Self-Driving Cars in Competitive Scenarios,Yes,Yes,Small-Scale,F1TENTH-Other,http://www.roboticsproceedings.org/rss15/p48.pdf,
2019,Stahl Tim,2-Planning,2 - Local,Local Path Planner,Graph Search,Multilayer graph-based trajectory planning for race vehicles in dynamic scenarios,Yes,Yes,Real Car,Roborace,https://ieeexplore.ieee.org/abstract/document/8917032,https://github.com/TUMFTM/GraphBasedLocalTrajectoryPlanner
2019,Subosits John,2-Planning,2 - Local,Local Path Planner,Optimization,From the Racetrack to the Road: Real-Time Trajectory Replanning for Autonomous Driving,Yes,Yes,Real Car,Real Car,https://ieeexplore.ieee.org/abstract/document/8671749,
2019,Ni Jun,3-Control,1-Classic Control Approaches,Path Tracking,"Lat + Long, H-infinity",Robust Path Following Control at Driving/Handling Limits of an Autonomous Electric Racecar,Yes,Yes,Small-Scale,Formula Student,https://ieeexplore.ieee.org/document/8693527,
2019,Novi Tommaso,3-Control,2-Model Predictive Control,Path Tracking,Hierarchial NMPC,Real-time control for at-limit handling driving on a predefined path,Yes,No,-,-,https://www.tandfonline.com/doi/10.1080/00423114.2019.1605081,
2019,Kabzan Juraj,3-Control,3-Learning Based Control,Reduce Model Uncerctainty,NMPC + Gaussian Process,Learning-Based Model Predictive Control for Autonomous Racing,Yes,Yes,Small-Scale,Formula Student,https://ieeexplore.ieee.org/document/8754713,
2019,Wischnewski Alexander,3-Control,3-Learning Based Control,Reduce Model Uncerctainty,PD+ Gaussian Process,A model-free algorithm to safely approach the handling limit of an autonomous racecar,Yes,Yes,Real Car,Roborace,https://ieeexplore.ieee.org/abstract/document/8965218,
2019,Wagener Nolan,3-Control,3-Learning Based Control,Reduce MPC decision Uncertainty,Dynamic Mirror Descent MPC (DMD-MPC),An Online Learning Approach to Model Predictive Control,Yes,Yes,Small-Scale,Auto Rally,https://arxiv.org/abs/1902.08967,
2019,Goh Jonathan,3-Control,4-Drifting Control,Controller Framework for Drifting,Sideslip and Lateral Error Tracking,Toward Automated Vehicle Control Beyond the Stability Limits: Drifting Along a General Path ,Yes,Yes,Real Car,Real Car,https://asmedigitalcollection.asme.org/dynamicsystems/article/142/2/021004/1066044,
2019,Zubov Igor,3-Control,4-Drifting Control,Controller Framework for Drifting,3-Level Control System,Autonomous Drifting Control in 3D Car Racing Simulator,Yes,Yes,Real Car,Roborace,https://ieeexplore.ieee.org/document/8710588,
2019,Salem Mohamed,4-End-to-End,0-Optimization,Optimize Control Policy,Fuzzy Logic Evaluationary Algorithm,Beating uncertainty in racing bot evolution through enhanced exploration and pole position selection,Yes,No,-,-,https://ieeexplore.ieee.org/document/8847998,
2019,Lee Keuntaek,4-End-to-End,1-Deep Learning,Vision based Planning,MPC + CNN,Perceptual Attention-based Predictive Control,Yes,Yes,Small-Scale,Auto Rally,https://arxiv.org/abs/1904.11898,
2019,Drews Paul,4-End-to-End,1-Deep Learning,Vision based Planning,"CNN, LSTM, + MPC",Vision-Based High-Speed Driving With a Deep Dynamic Observer,Yes,Yes,Small-Scale,Auto Rally,https://ieeexplore.ieee.org/document/8630018,
2019,Gundu Pavan,4-End-to-End,2-Reinforcement Learning,Model-free optimal control,Q Learning + Soft-Actor Critic,An Intermittent Learning Algorithm for High-Speed Autonomous Driving in Unknown Environments,Yes,No,-,-,https://ieeexplore.ieee.org/document/8814462,
2019,Gückiran Kivanc,4-End-to-End,2-Reinforcement Learning,Vision based Planning,"Soft Actor Critic (SAC), Rainbow DQN",Autonomous Car Racing in Simulation Environment Using Deep Reinforcement Learning,Yes,No,-,-,https://ieeexplore.ieee.org/abstract/document/8946332,
2019,Remonda Adrian,4-End-to-End,2-Reinforcement Learning,Vision based Planning,Deep Deterministic Policy Gradient (DDPG),Formula RL: Deep Reinforcement Learning for Autonomous Racing using Telemetry Data,Yes,No,-,-,https://www.researchgate.net/publication/333578520_Formula_RL_Deep_Reinforcement_Learning_for_Autonomous_Racing_using_Telemetry_Data,
2019,Betz Johannes,5-Applied Studies,1- Evaluation,Vehicle Crash,Analysis,Autonomous Driving—A Crash Explained in Detail,-,Yes,Real Car,Roborace,https://www.mdpi.com/2076-3417/9/23/5126,
2019,Chen Tairan,5-Applied Studies,2- Complete Software Stack,Complete Software Stack,Framework,From perception to control: an autonomous driving system for a formula student driverless car,Yes,Yes,Small-Scale,Formula Student,https://arxiv.org/abs/1909.00119,
2019,Culley Jacob,5-Applied Studies,2- Complete Software Stack,Complete Software Stack,Overall Software /Hardware,System Design for a Driverless Autonomous Racing Vehicle,Yes,Yes,Small-Scale,Formula Student,https://ieeexplore.ieee.org/document/9249626,
2019,Zadok Dean,5-Applied Studies,2- Complete Software Stack,Complete Software Stack,Simulation,Explorations and Lessons Learned in Building an Autonomous Formula SAE Car from Simulations,Yes,Yes,Small-Scale,Formula Student,https://dl.acm.org/doi/10.5220/0008120604140421,
2019,Betz Johannes,5-Applied Studies,2- Complete Software Stack,Complete Software Stack,Framework,A Software Architecture for an Autonomous Racecar,Yes,Yes,Real Car,Roborace,https://ieeexplore.ieee.org/abstract/document/8746367,
2019,Betz Johannes,5-Applied Studies,2- Complete Software Stack,Complete Software Stack,Framework,A Software Architecture for the Dynamic Path Planning of an Autonomous Racecar at the Limits of Handling,Yes,Yes,Real Car,Roborace,https://ieeexplore.ieee.org/abstract/document/8965238,
2019,Caporale Danilo,5-Applied Studies,2- Complete Software Stack,Complete Software Stack,Framework,Towards the Design of Robotic Drivers for Full-Scale Self-Driving Racing Cars,Yes,Yes,Real Car,Roborace,https://ieeexplore.ieee.org/document/8793882,
2019,Hermansdorfer Leonhard,5-Applied Studies,3- Modelling,Friction estimation + prediction,EKF + LUT + classification,A concept for estimation and prediction of the tire-road friction potential for an autonomous racecar,Yes,Yes,Real Car,Roborace,https://ieeexplore.ieee.org/abstract/document/8917024,
2019,Williams Grady,5-Applied Studies,3- Modelling,Vehicle Dynamics,Deep Learning,Locally Weighted Regression Pseudo-Rehearsal for Online Learning of Vehicle Dynamics,Yes,Yes,Small-Scale,Auto Rally,https://arxiv.org/pdf/1905.05162.pdf,
2019,Spielberg Nathan,5-Applied Studies,3- Modelling,Vehicle Dynamics,Deep Learning,Neural network vehicle models for high-performance automated driving,Yes,Yes,Real Car,Real Car,https://robotics.sciencemag.org/content/4/28/eaaw1975.abstract,
2019,Heilmeier Alexander,5-Applied Studies,4-Simulation,Laptime Simulation,Simulation,A Quasi-Steady-State Lap Time Simulation for Electrified Race Cars,Yes,Yes,Real Car,Roborace,https://ieeexplore.ieee.org/abstract/document/8813646,https://github.com/TUMFTM/laptime-simulation
2019,Balaji Bharathan,6-Hardware,Software + Hardware,Overall Software /Hardware,Framework,DeepRacer: Educational Autonomous Racing Platform for Experimentation with Sim2Real Reinforcement Learning,Yes,Yes,Small-Scale,Amazon Deep Racer,https://arxiv.org/abs/1911.01562,
2019,Goldfain Brian,6-Hardware,Software + Hardware,Overall Software /Hardware,Framework,AutoRally: An Open Platform for Aggressive Autonomous Driving,Yes,Yes,Small-Scale,Auto Rally,https://ieeexplore.ieee.org/abstract/document/8616931,
2019,O Kelly Matthew,6-Hardware,Software + Hardware,Overall Software /Hardware,Framework,F1/10: An Open-Source Autonomous Cyber-Physical Platform,Yes,Yes,Small-Scale,F1TENTH,https://arxiv.org/abs/1901.08567,
2019,O Kelly Matthew,6-Hardware,Software + Hardware,Overall Software /Hardware,Framework,F1TENTH: An Open-source Evaluation Environment for Continuous Control and Reinforcement Learning,Yes,Yes,Small-Scale,F1TENTH,http://proceedings.mlr.press/v123/o-kelly20a.html,
2019,Srinivasa Siddhartha,6-Hardware,Software + Hardware,Overall Software /Hardware,Overall Software /Hardware,"MuSHR: A Low-Cost, Open-Source Robotic Racecar for Education and Research",Yes,Yes,Small-Scale,F1TENTH-MusHr,https://arxiv.org/abs/1908.08031,
2020,Lima Ines,0-Introduction,Overall Autonomous Racing,Overall,Neurobehavior Study,Neurobehavioural signatures in race car driving: a case study,No,Yes,Real Car,Racecar,https://www.nature.com/articles/s41598-020-68423-2,
2020,Massa Frederico,1-Perception,2 - Localization,Localization,Extended Kalman Filter,LiDAR-based GNSS Denied Localization for Autonomous Racing Cars,Yes,Yes,Real Car,Roborace,https://www.mdpi.com/1424-8220/20/14/3992,
2020,Renzler Tobias,1-Perception,2 - Localization,Localization,Point Cloud Correction,Increased Accuracy For Fast Moving LiDARS: Correction of Distorted Point Clouds,Yes,Yes,Real Car,Roborace,https://ieeexplore.ieee.org/abstract/document/9128372,
2020,Zubaca Jasmina,1-Perception,2 - Localization,Localization,H-inf Filter,Extended H∞ Filter Adaptation Based on Innovation Sequence for Advanced Ego-Vehicle Motion Estimation,Yes,Yes,Real Car,Roborace,https://ieeexplore.ieee.org/document/9334568,
2020,Andresen Leiv,1-Perception,2 - Localization,Mapping ,Planning & Maping,Accurate Mapping and Planning for Autonomous Racing,Yes,Yes,Small-Scale,Formula Student,https://ieeexplore.ieee.org/document/9341702,
2020,Srinivasan Sirish,1-Perception,2 - Localization,Veloctiy Estimation,Deep Learning,End-to-End Velocity Estimation for Autonomous Racing,Yes,Yes,Small-Scale,Formula Student,https://ieeexplore.ieee.org/document/9167427,
2020,Strobel Kieran,1-Perception,3 - Object Detection & Localization,Perception,Deep Learning,"Accurate, Low-Latency Visual Perception for Autonomous Racing: Challenges, Mechanisms, and Practical Solutions",Yes,Yes,Small-Scale,Formula Student,https://ieeexplore.ieee.org/document/9341683,
2020,Puchtler Pascaal,1-Perception,4 - Object Detection,Object Detection,Deep Learning,Evaluation of Deep Learning Accelerators for Object Detection at the Edge,Yes,Yes,Small-Scale,Formula Student,https://www.researchgate.net/publication/344268046_Evaluation_of_Deep_Learning_Accelerators_for_Object_Detection_at_the_Edge,
2020,Herrmann Thomas,2-Planning,1 - Global,Minimum-Time + Minimum Energy,Optimization,Minimum Race-Time Planning-Strategy for an Autonomous Electric Racecar,Yes,Yes,Real Car,Roborace,https://ieeexplore.ieee.org/abstract/document/9294681,
2020,Zubaca Jasmina,2-Planning,1 - Global,Reference Linie,Filter/Optimization,Smooth Reference Line Generation for a Race Track with Gates based on Defined Borders,Yes,Yes,Real Car,Roborace,https://ieeexplore.ieee.org/document/9304722,
2020,Herrmann Thomas,2-Planning,1 - Global,Velocity Planning,Optimization,Real-Time Adaptive Velocity Optimization for Autonomous Electric Cars at the Limits of Handling,Yes,Yes,Real Car,Roborace,https://ieeexplore.ieee.org/abstract/document/9310276,https://github.com/TUMFTM/velocity_optimization
2020,Liniger Alexander,2-Planning,2 - Local,Game Theory,Game Theory,A Noncooperative Game Approach to Autonomous Racing,Yes,Yes,Small-Scale,1:43 car,https://ieeexplore.ieee.org/stamp/stamp.jsp?arnumber=8643396,
2020,Notomista Gennaro,2-Planning,2 - Local,Game Theory,Sensitivity-ENhanced NAsh Equilibrium Seeking Using Iterated Best Response,"Enhancing Game-Theoretic Autonomous Car Racing Using Control Barrier Functions,",Yes,No,-,-,https://ieeexplore.ieee.org/document/9196757,
2020,Wang Zijian,2-Planning,2 - Local,Game Theory,Nonlinear receding horizon,Game Theoretic Motion Planning for Multi-robot Racing,Yes,No,-,-,https://link.springer.com/chapter/10.1007%2F978-3-030-05816-6_16,
2020,Alcal Eugenio,2-Planning,2 - Local,Local Path Planner,LPV-MPC,LPV-MP planning for autonomous racing vehicles considering obstacles,Yes,No,-,-,https://www.sciencedirect.com/science/article/pii/S0921889019304877,
2020,Bulsara Ardashir,2-Planning,2 - Local,Obstacle Avoidance,MPC,Obstacle Avoidance Using Model Predictive Control: An Implementation and Validation Study Using Scaled Vehicles,Yes,Yes,Small-Scale,F1TENTH,https://www.sae.org/publications/technical-papers/content/2020-01-0109/,
2020,Sinha Aman,2-Planning,2 - Local,Performance Balancing,Optimization ,FormulaZero: Distributionally Robust Online Adaptation via Offline Population Synthesis,Yes,Yes,Small-Scale,F1TENTH,http://proceedings.mlr.press/v119/sinha20a.html,
2020,Tobias Kessler,2-Planning,3 - Behavioral,Game Theory Behavior,Mixed Integer Linear Programming,Linear Differential Games for Cooperative Behavior Planning of Autonomous Vehicles Using Mixed-Integer Programming,Yes,Yes,Real Car,-,https://arxiv.org/abs/2109.15122,
2020,Feraco Stefano,2-Planning,4 - Planning&Control,Local Path Planner,RRT + Stanley,A local trajectory planning and control method for autonomous vehicles based on the RRT algorithm,Yes,Yes,Small-Scale,Formula Student,https://ieeexplore.ieee.org/document/9307439,
2020,Pagot Edoardo,2-Planning,4 - Planning&Control,Local Path Planner,NMPC,Real-time optimal control of an autonomous RC car with minimum-time maneuvers and a novel kineto-dynamical model,Yes,Yes,Small-Scale,F1TENTH-Other,https://ieeexplore.ieee.org/document/9340640,
2020,Kloeser Daniel,2-Planning,4 - Planning&Control,Local Path Planner,NMPC,NMPC for Racing Using a Singularity-Free Path-Parametric Model with Obstacle Avoidance,Yes,No,-,-,https://www.sciencedirect.com/science/article/pii/S2405896320317845,
2020,Stahl Tim,2-Planning,5 -  Additional,Online Verification,Formal Logic,Online Verification Concept for Autonomous Vehicles–Illustrative Study for a Trajectory Planning Module,Yes,Yes,Real Car,Roborace,https://ieeexplore.ieee.org/abstract/document/9294703,https://github.com/TUMFTM/TrajectorySupervisor
2020,Wachter Erik,3-Control,1-Classic Control Approaches,Controller Analysis,Controller Analysis,Path Control in Limits of Vehicle Handling: A Sensitivity Analysis,Yes,No,-,-,https://link.springer.com/chapter/10.1007/978-3-030-38077-9_126,
2020,Pedone Salvatore,3-Control,1-Classic Control Approaches,Speed Control,model-free nonlinear control,Racecar Longitudinal Control in Unknown and Highly-Varying Driving Conditions,Yes,No,-,-,https://ieeexplore.ieee.org/document/9189783,
2020,Liu Yanbo,3-Control,2-Model Predictive Control,Path Tracking,MPC,Design of Driverless Racing Chassis Based on MPC,Yes,Yes,Small-Scale,Formula Student,https://ieeexplore.ieee.org/document/9326482,
2020,Brown Mathew,3-Control,2-Model Predictive Control,Path Tracking,NMPC,Coordinating Tire Forces to Avoid Obstacles Using Nonlinear Model Predictive Control,Yes,Yes,Real Car,Real Car,https://ieeexplore.ieee.org/abstract/document/8910387,
2020,Alcal Eugenio,3-Control,2-Model Predictive Control,Path Tracking,LPV-MPC,Autonomous racing using Linear Parameter Varying-Model Predictive Control (LPV-MPC),Yes,Yes,Real Car,Real Car,https://www.sciencedirect.com/science/article/abs/pii/S0967066119302187,
2020,Wischnewski Alexander,3-Control,3-Learning Based Control,Identification of feature-dependent uncertainty models,recursive Least-Mean-Squares algorithm,Real-Time Learning of Non-Gaussian Uncertainty Models for Autonomous Racing,Yes,Yes,Real Car,Roborace,https://ieeexplore.ieee.org/abstract/document/9304230,
2020,Rosolia Ugo,3-Control,3-Learning Based Control,Iterative Learning Control,Learning MPC (LMPC),Learning How to Autonomously Race a Car: A Predictive Control Approach,Yes,Yes,Small-Scale,F1TENTH-Berkeley,https://ieeexplore.ieee.org/abstract/document/8896988,
2020,Kapania Nitin,3-Control,3-Learning Based Control,Iterative Learning Control,"PD-ILC, Q-ILC",Learning at the Racetrack: Data-Driven Methods to Improve Racing Performance Over Multiple Laps,Yes,Yes,Real Car,Real Car,https://ieeexplore.ieee.org/abstract/document/9102440,
2020,Vallon Charlott,3-Control,3-Learning Based Control,Iterative Learning Control,Learning MPC (LMPC),Task Decomposition for Iterative Learning Model Predictive Control,Yes,No,-,-,https://ieeexplore.ieee.org/document/9147625,
2020,Jain Achin,3-Control,3-Learning Based Control,Model Identification,MPC + Gaussian Process,BayesRace: Learning to race autonomously using prior experience,Yes,Yes,Small-Scale,F1TENTH,https://arxiv.org/abs/2005.04755,
2020,Van Niekerk Benjamin,3-Control,3-Learning Based Control,Reduce Model Uncerctainty,Receding Horizon Control + Gaussian Processes,Online Constrained Model-based Reinforcement Learning,Yes,No,-,-,https://arxiv.org/abs/2004.03499,
2020,Cai Peide,3-Control,4-Drifting Control,Controller Framework for Drifting,Soft Actor Critic (SAC),High-Speed Autonomous Drifting With Deep Reinforcement Learning,Yes,No,-,-,https://ieeexplore.ieee.org/document/8961997,
2020,Joa Eunhyek,3-Control,4-Drifting Control,Controller Framework for Drifting,Two state equilibrium model,A new control approach for automated drifting in consideration of the driving characteristics of an expert human driver,Yes,No,-,-,https://www.sciencedirect.com/science/article/pii/S0967066119302345,
2020,O Kelly Matthew,3-Control,5-Optimization,Evaluation and Tuning of Controller,Covariance Matrix Adaption Evolutionary Strategy,TUNERCAR: A Superoptimization Toolchain for Autonomous Racing,Yes,Yes,Small-Scale,F1TENTH,https://ieeexplore.ieee.org/abstract/document/9197080,
2020,Tatulea Alexander,4-End-to-End,1-Deep Learning,Path Planning,Fully Connected DNN,Design and Simulation of a Machine-learning and Model Predictive Control Approach to Autonomous Race Driving for the F1/10 Platform,Yes,Yes,Small-Scale,F1TENTH,https://www.sciencedirect.com/science/article/pii/S2405896320322722,
2020,Mahmoud Yaqub,4-End-to-End,1-Deep Learning,Vision based Planning,"CNN, LSTM",Optimizing Deep-Neural-Network-Driven Autonomous Race Car Using Image Scaling,Yes,Yes,Small-Scale,Donkey Car,https://www.proquest.com/docview/2442612852?pq-origsite=gscholar&fromopenview=true,
2020,Weiss Trent,4-End-to-End,1-Deep Learning,Vision based Planning,"CNN, RNN",DeepRacing: Parameterized Trajectories for Autonomous Racing,Yes,No,-,-,https://arxiv.org/abs/2005.05178,
2020,Weiss Trent,4-End-to-End,1-Deep Learning,Vision based Planning,Framework,DeepRacing: A Framework for Autonomous Racing,Yes,No,-,-,https://ieeexplore.ieee.org/abstract/document/9116486,
2020,Ivanov Radoslav,4-End-to-End,2-Reinforcement Learning,Verification of DNN,Different RL algorithms,Case study: verifying the safety of an autonomous racing car with a neural network controller,Yes,Yes,Small-Scale,F1TENTH,https://dl.acm.org/doi/10.1145/3365365.3382216,
2020,Lee Keuntaek,4-End-to-End,2-Reinforcement Learning,Vision based Planning,Bayesian Deciscion Making,Ensemble Bayesian Decision Making with Redundant Deep Perceptual Control Policies,Yes,Yes,Small-Scale,Auto Rally,https://arxiv.org/abs/1811.12555,
2020,Niu Jingyu,4-End-to-End,2-Reinforcement Learning,Vision based Planning,Deep Deterministic Policy Gradient (DDPG),Two-Stage Safe Reinforcement Learning for High-Speed Autonomous Racing,Yes,No,-,-,https://ieeexplore.ieee.org/abstract/document/9283053,
2020,Hermansdorfer Leonhard,5-Applied Studies,1- Evaluation,Benchmark,Simulation,Benchmarking of a software stack for autonomous racing against a professional human race driver,-,Yes,Real Car,Roborace,https://ieeexplore.ieee.org/abstract/document/9242926,
2020,Kabzan Juraj,5-Applied Studies,2- Complete Software Stack,Complete Software Stack,Framework,AMZ Driverless: The full autonomous racing system,Yes,Yes,Small-Scale,Formula Student,https://onlinelibrary.wiley.com/doi/abs/10.1002/rob.21977,
2020,Nekkah Sheriff,5-Applied Studies,2- Complete Software Stack,Complete Software Stack,Framework,The Autonomous Racing Software Stack of the KIT19d,Yes,Yes,Small-Scale,Formula Student,https://arxiv.org/abs/2010.02828,
2020,Tian Hangquing,5-Applied Studies,2- Complete Software Stack,Complete Software Stack,Framework,Autonomous Formula Racecar: Overall System Design and Experimental Validation,Yes,Yes,Small-Scale,Formula Student,https://arxiv.org/abs/2009.00385,
2020,Gottmann Frieder,5-Applied Studies,3- Modelling,Model fidelity (rear wheel steering),Optimization,On the Influence of Rear Axle Steering and Modeling Depth on a Model Based Racing Line Generation for Autonomous Racing,Yes,Yes,Real Car,Real Car,https://ieeexplore.ieee.org/abstract/document/8511508,
2020,Ignat Georgiev,5-Applied Studies,3- Modelling,Vehicle Dynamics,Deep Learning,Iterative Semi-parametric Dynamics Model Learning For Autonomous Racing,Yes,Yes,Real Car,Roborace,https://arxiv.org/abs/2011.08750,
2020,Stahl Tim,5-Applied Studies,4-Simulation,Scenario Creation,Simulation,An Open-Source Scenario Architect for Autonomous Vehicles,Yes,Yes,Real Car,Roborace,https://ieeexplore.ieee.org/abstract/document/9243029,https://github.com/TUMFTM/ScenarioArchitect
2020,Babu Varundev,5-Applied Studies,4-Simulation,Simulation Environment,Simulation,f1tenth.dev - An Open-source ROS based F1/10 Autonomous Racing Simulator,Yes,Yes,Small-Scale,F1TENTH,https://ieeexplore.ieee.org/abstract/document/9216949,
2020,Guodong Rong,5-Applied Studies,4-Simulation,Simulation Environment,Simulation,SVL Simulator: A High Fidelity Simulator for Autonomous Driving,Yes,Yes,All Cars,All Cars,https://arxiv.org/abs/2005.03778,
2020,Foris Adam,6-Hardware,Hardware,Hardware,Framework,"Exploiting Singular Configurations for Controllable, Low-Power Friction Enhancement on Unmanned Ground Vehicles",Yes,Yes,Small-Scale,Auto Rally,https://ieeexplore.ieee.org/document/9017955,
2020,Bell Joseph,6-Hardware,Hardware,Hardware and Software,Framework,Modeling and Design of an Autonomous Dragster,Yes,Yes,Real Car,Dragster,https://www.sae.org/publications/technical-papers/content/2020-01-0711/,
2020,Bell Joseph,6-Hardware,Hardware,Hardware and Software,Framework,Modeling and Design of an Autonomous High Speed ¼ Mile Vehicle,Yes,Yes,Real Car,Dragster,https://escholarship.org/uc/item/1s540921,
2020,Agnihotri Abhijeet,6-Hardware,Software + Hardware,Overall Software /Hardware,Framework,"Teaching Autonomous Systems at 1/10th-scale: Design of the F1/10 Racecar, Simulators and Curriculum",Yes,Yes,Small-Scale,F1TENTH,https://dl.acm.org/doi/abs/10.1145/3328778.3366796,
2020,Balaji Bharathan,6-Hardware,Software + Hardware,Overall Software /Hardware,Framework,DeepRacer: Autonomous Racing Platform for Experimentation with Sim2Real Reinforcement Learning,Yes,Yes,Small-Scale,Amazon Deep Racer,https://ieeexplore.ieee.org/document/9197465,
2020,Eken Süleyman,6-Hardware,Software + Hardware,Overall Software /Hardware,Overall Software /Hardware,A reproducible educational plan to teach mini autonomous race car programming,Yes,Yes,Small-Scale,F1TENTH-MIT,https://journals.sagepub.com/doi/full/10.1177/0020720920907879,
2021,Doubek Fabian,0-Introduction,Overall Autonomous Racing,Overall,Interviews,What makes a good driver on public roads and race tracks? An interview study,No,No,-,-,https://www.sciencedirect.com/science/article/pii/S1369847821001005,
2021,Jiang Alexander,0-Introduction,Overall Autonomous Racing,Overall,Stack analysis,Research on the Development of Autonomous Race Cars And Impact on Self-driving Cars,No,No,-,-,https://iopscience.iop.org/article/10.1088/1742-6596/1824/1/012009/meta,
2021,Schratter Markus,1-Perception,2 - Localization,Mapping and Localization,Lidar,Lidar-based Mapping and Localization for Autonomous Racing ,Yes,Yes,Real Car,Roborace,https://linklab-uva.github.io/icra-autonomous-racing/contributed_papers/paper4.pdf,
2021,Le Large Nick,1-Perception,2 - Localization,SLAM Mapping,SLAM,Comparison of different SLAM approaches for a driverless race car,Yes,Yes,Small-Scale,Formula Student,https://www.degruyter.com/document/doi/10.1515/teme-2021-0004/pdf,
2021,Peng,1-Perception,2 - Localization,SLAM and State Estimation,Camera-Lidar-IMU Odometry,Vehicle Odometry with Camera-Lidar-IMU Information Fusion and Factor-Graph Optimization,Yes,Yes,Small-Scale,Formula Student,https://link.springer.com/article/10.1007/s10846-021-01329-x,
2021,Dodel David,1-Perception,4 - Object Detection,Object Detection,Dataset,FSOCO: The Formula Student Objects in Context Dataset,Yes,Yes,Small-Scale,Formula Student,https://arxiv.org/abs/2012.07139,
2021,Lovato Stefano,2-Planning,1 - Global,Minimum time - 3 dimensional,Optimization,Three-dimensional fixed-trajectory approaches to the minimum-lap time of road vehicles,Yes,Yes,Real Car,-,https://www.tandfonline.com/doi/full/10.1080/00423114.2021.1969024,
2021,Wang Mingyu,2-Planning,2 - Local,Game Theory,Nonlinear receding horizon,Game-Theoretic Planning for Self-Driving Cars in Multivehicle Competitive Scenarios,Yes,Yes,Small-Scale,F1TENTH-Other,https://ieeexplore.ieee.org/abstract/document/9329208,
2021,Schwarting Wilko,2-Planning,2 - Local,Game Theory,Belief-space planning,Stochastic Dynamic Games in Belief Space,Yes,No,-,-,10.1109/TRO.2021.3075376,
2021,Evans Benjamin,2-Planning,2 - Local,Local Path Planner,Deep RL,Reward Signal Design for Autonomous Racing,Yes,Yes,Small-Scale,F1TENTH,https://ieeexplore.ieee.org/document/9659438,
2021,Joglekar Ajinkya ,2-Planning,2 - Local,Local Path Planner,RRT,Fusing Offline and Online Trajectory Optimization Techniques for Goal-to-Goal Navigation of a Scaled Autonomous Vehicle,Yes,Yes,Small-Scale,F1TENTH,https://www.sae.org/publications/technical-papers/content/2021-01-0097/,
2021,Kalaria Dvij,2-Planning,2 - Local,Local Path Planner,NMPC,Local NMPC on Global Optimised Path for Autonomous Racing,Yes,No,-,-,https://linklab-uva.github.io/icra-autonomous-racing/contributed_papers/paper8.pdf,
2021,Evans Benjamin,2-Planning,2 - Local,Obstacle Avoidance,Deep RL + Classic,Learning the Subsystem of Local Planning for Autonomous Racing,Yes,Yes,Small-Scale,F1TENTH,https://ieeexplore.ieee.org/document/9659466,
2021,Brüdigam Tim,2-Planning,2 - Local,Overtaking ,MPC + Gaussian,Gaussian Process-based Stochastic Model Predictive Control for Overtaking in Autonomous Racing ,Yes,No,-,-,https://linklab-uva.github.io/icra-autonomous-racing/contributed_papers/paper11.pdf,
2021,Bhargav Jayanth,2-Planning,2 - Local,Overtaking Strategies,MPC,Track based Offline Policy Learning for Overtaking Maneuvers with Autonomous Racecars,Yes,No,-,-,https://linklab-uva.github.io/icra-autonomous-racing/contributed_papers/paper9.pdf,
2021,You Changxi,2-Planning,2 - Local,Trail Braking,Trajectory Learning,High-Speed Cornering for Autonomous Off-Road Rally Racing,Yes,Yes,Small-Scale,Auto Rally,https://ieeexplore.ieee.org/abstract/document/8910615,
2021,Srinivasan Sirish,2-Planning,4 - Planning&Control,Local Path Planner,,A Holistic Motion Planning and Control Solution to Challenge a Professional Racecar Driver,Yes,Yes,Small-Scale,Formula Student,https://arxiv.org/abs/2103.00358,
2021,Vazquez Jose,2-Planning,4 - Planning&Control,Local Path Planner,MPC,Optimization-Based Hierarchical Motion Planning for Autonomous Racing,Yes,Yes,Small-Scale,Formula Student,https://ieeexplore.ieee.org/document/9341731,
2021,Wang Rongyao,2-Planning,4 - Planning&Control,Local Path Planner,Deep-Koopman + MPC,Deep Koopman Data-driven Control Framework forAutonomous Racing,Yes,Yes,Small-Scale,F1TENTH,https://linklab-uva.github.io/icra-autonomous-racing/contributed_papers/paper12.pdf,
2021,Jung Chanyoung ,2-Planning,4 - Planning&Control,Local Path Planner,MPC + Game Theory,Game-Theoretic Model Predictive Control with Data-Driven Identification of Vehicle Model for Head-to-Head Autonomous Racing,Yes,Yes,Real Car,Indy Autonomous,https://linklab-uva.github.io/icra-autonomous-racing/contributed_papers/paper1.pdf,
2021,Montani,2-Planning,4 - Planning&Control,Real Tiime Path planning,MPC +,A Hierarchical Autonomous Driver for a Racing Car: Real-Time Planning and Tracking of the Trajectory,Yes,Yes,Real Car,-,https://www.mdpi.com/1996-1073/14/19/6008,
2021,Varundev Sukhil,3-Control,1-Classic Control Approaches,Path Tracking,Adaptive Lookahead for Pure Pursuit,Adaptive Lookahead Pure-Pursuit for Autonomous Racing,Yes,Yes,Small-Scale,F1TENTH,https://arxiv.org/abs/2111.08873,
2021,Pour Fatemeh,3-Control,2-Model Predictive Control,Energy based Control,LPV-MPC,Health-aware control design based on remaining useful life estimation for autonomous racing vehicle,Yes,No,-,-,https://pubmed.ncbi.nlm.nih.gov/32451079/,
2021,Gandhi Manan,3-Control,2-Model Predictive Control,Path Tracking,Robust Model Predictive Path Integral Control (RMPPI),Robust Model Predictive Path Integral Control: Analysis and Performance Guarantees,Yes,Yes,Small-Scale,Auto Rally,https://ieeexplore.ieee.org/document/9349120,
2021,Wischnewski Alexander,3-Control,2-Model Predictive Control,Uncertainty Quantification for Trajectory Tracking,Tube MPC,Tube model predictive control for an autonomous race car,Yes,Yes,Real Car,Roborace,https://www.tandfonline.com/doi/abs/10.1080/00423114.2021.1943461?journalCode=nvsd20,
2021,Xiao Xuesu,3-Control,3-Learning Based Control,Learning Inverse Kinodynamics,DNN + Controller,Learning Inverse Kinodynamics for Accurate High-Speed Off-Road Navigation on Unstructured Terrain ,Yes,Yes,Small-Scale,F1TENTH,https://linklab-uva.github.io/icra-autonomous-racing/contributed_papers/paper7.pdf,
2021,Li Nan,3-Control,5-Optimization,Optimize Control Policy,NMPC + Mixed Integer Quadratic Programming,Autonomous racecar control in head-to-head competition using Mixed-Integer Quadratic Programming,Yes,No,-,-,https://linklab-uva.github.io/icra-autonomous-racing/contributed_papers/paper2.pdf,
2021,Weiss Trent,4-End-to-End,1-Deep Learning,Trajectory Prediction,RNN,Towards Multi-Agent Autonomous Racing with the DeepRacing framework ,Yes,No,-,-,https://linklab-uva.github.io/icra-autonomous-racing/contributed_papers/paper5.pdf,
2021,Wadeka Shakti,4-End-to-End,1-Deep Learning,Vision based Planning,CNN,Towards End-to-End Deep Learning for Autonomous Racing: On Data Collection and a Unified Architecture for Steering and Throttle Prediction,Yes,Yes,Real Car,Indy Autonomous,https://linklab-uva.github.io/icra-autonomous-racing/contributed_papers/paper10.pdf,
2021,Brunnbauer Axel,4-End-to-End,2-Reinforcement Learning,Vision based Planning,Model-based RL,Model-based versus Model-free Deep Reinforcement Learning for Autonomous Racing Cars,Yes,Yes,Small-Scale,F1TENTH,https://arxiv.org/abs/2103.04909,
2021,Cai Peide,4-End-to-End,2-Reinforcement Learning,Vision based Planning,Imitation learning,Vision-Based Autonomous Car Racing Using Deep Imitative Reinforcement Learning,Yes,Yes,Small-Scale,1:20 car,https://ieeexplore.ieee.org/document/9488179,
2021,Chisari Eugenio,4-End-to-End,2-Reinforcement Learning,Vision based Planning,Soft Actor Critic (SAC)+ olicy output regularization,"Learning from Simulation, Racing in Reality",Yes,Yes,Small-Scale,1:43 car,https://arxiv.org/abs/2011.13332,
2021,Fuchs Florian,4-End-to-End,2-Reinforcement Learning,Vision based Planning,Soft Actor Critic (SAC),Super-Human Performance in Gran Turismo Sport Using Deep Reinforcement Learning,Yes,No,-,-,https://ieeexplore.ieee.org/document/9372847,
2021,Schwarting Wilko,4-End-to-End,2-Reinforcement Learning,Vision based Planning,Model-based RL,Deep Latent Competition: Learning to Race Using Visual Control Policies in Latent Space,Yes,No,-,-,https://arxiv.org/abs/2102.09812,
2021,Song Yunglong,4-End-to-End,2-Reinforcement Learning,Vision based Planning + Overtaking,Soft Actor Critic (SAC) + 3-stage curriculum learning ,Autonomous Overtaking in Gran Turismo Sport Using Curriculum Reinforcement Learning,Yes,No,-,-,https://arxiv.org/abs/2103.14666,
2021,Stahl Tim,5-Applied Studies,1- Evaluation,Online Verification,Formal Logic,Online Verification Enabling Approval of Driving Functions—Implementation for a Planner of an Autonomous Race Vehicle,Yes,Yes,Real Car,Roborace,https://ieeexplore.ieee.org/abstract/document/9424710,
2021,Remonda Adrian,5-Applied Studies,1- Evaluation,Overall Racing Comparison,Simulator Study,Comparing driving behavior of humans and autonomous driving in a professional racing simulator,Yes,No,-,-,https://journals.plos.org/plosone/article?id=10.1371/journal.pone.0245320#references,
2021,Subosits John,5-Applied Studies,3- Modelling,Model fidelity,Optimal Control,Impacts of Model Fidelity on Trajectory Optimization for Autonomous Vehicles in Extreme Maneuvers,Yes,Yes,Real Car,Real Car,https://ieeexplore.ieee.org/abstract/document/9325924,
2021,Hermansdorfer Leonhard,5-Applied Studies,3- Modelling,Vehicle Dynamics,Deep Learning,End-to-End Neural Network for Vehicle Dynamics Modeling,Yes,Yes,Real Car,Roborace,https://ieeexplore.ieee.org/abstract/document/9357196,https://github.com/TUMFTM/NeuralNetwork_for_VehicleDynamicsModeling
2021,Herman James,5-Applied Studies,4-Simulation,Simulation Environment,Simulation,Learn-to-Race: A Multimodal Control Environment for Autonomous Racing,Yes,Yes,Real Car,Roborace,https://arxiv.org/abs/2103.11575,
2021,Jiang Minghao,5-Applied Studies,4-Simulation,Simulation Environment,Simulation,Continuous Integration and testing for Autonomous Racing Software: An Experience Report from GRAIC,Yes,No,-,-,https://linklab-uva.github.io/icra-autonomous-racing/contributed_papers/paper13.pdf,
2021,Eugenio Tramacere,6-Hardware,Hardware,Processor Architecture,Framework,Processor-in-the-Loop Architecture Design and Experimental Validation for an Autonomous Racing Vehicle,Yes,Yes,Small-Scale,Formula Student,https://www.mdpi.com/2076-3417/11/16/7225,
2021,Schmid Matthias,6-Hardware,Software + Hardware,Overall Software /Hardware,Framework,Control Informed Design of the IAC Autonomous Racecar for Operation at the Dynamic Envelope,Yes,Yes,Real Car,Indy Autonomous,https://linklab-uva.github.io/icra-autonomous-racing/contributed_papers/paper6.pdf,
2022,Sauerbeck Florian,1-Perception,2 - Localization,Localization,SLAM+ Camera Wall Detection,A Combined LiDAR-Camera Localization for Autonomous Race Cars,Yes,Yes,Real Car,Indy Autonomous,https://saemobilus.sae.org/content/12-05-01-0006/,
2022,Herrmann Thomas,2-Planning,3 - Behavioral,Energy,Optimization,Optimization-Based Real-Time-Capable Energy Strategy for Autonomous Electric Race Cars ,Yes,Yes,Real Car,Roborace,https://saemobilus.sae.org/content/12-05-01-0005/,
2022,Stanly Bak,5-Applied Studies,1- Evaluation,Evaluate Path Planners and Controllers,RRT,Stress Testing Autonomous Racing Overtake Maneuvers with RRT,Yes,Yes,Small-Scale,F1TENTH,https://arxiv.org/abs/2110.01095,
2022,Varundev Babu,2-Planning,2 - Local,Overtaking Framework,Hierarchical Overtaking with Probability Calculation,Threading the Needle – Overtaking Fmework for Multi-agent Autonomous Racing,Yes,Yes,Small-Scale,F1TENTH,https://saemobilus.sae.org/content/12-05-01-0004/,
2022,Ivan Fursa,1-Perception,4 - Object Detection,Object Detection,Weather Augmentation,Worsening Perception: Real-Time Degradation of Autonomous Vehicle Perception Performance for Simulation of Adverse Weather Conditions,Yes,Yes,Small-Scale,Formula Student,https://saemobilus.sae.org/content/12-05-01-0008/,
2022,Rohan Manna,3-Control,1-Classic Control Approaches,lateral motion control,Cross-track error; pure pursuit lookahead ,Control Challenges for High-Speed Autonomous Racing: Analysis and Simulated Experiments,Yes,No,Real Car,Indy Autonomous,https://saemobilus.sae.org/content/12-05-01-0009/,
2022,Wischnewski Alexander,5-Applied Studies,2- Complete Software Stack,Complete Software Stack,Framework,Indy Autonomous Challenge -- Autonomous Race Cars at the Handling Limits,Yes,Yes,Real Car,Indy Autonomous,https://arxiv.org/abs/2202.03807,
2022,Wurman Peter,4-End-to-End,2-Reinforcement Learning,Vision based Planning,Soft Actor Critic (SAC)+ olicy output regularization,Outracing champion Gran Turismo drivers with deep reinforcement learning,Yes,No,-,-,https://www.nature.com/articles/s41586-021-04357-7,
2022,Bosello Michael,4-End-to-End,2-Reinforcement Learning,Vision based Planning,Q-Learning,"Train in Austria, Race in Montecarlo: Generalized RL for Cross-Track F1tenth LIDAR-Based Races",Yes,Yes,Small-Scale,F1TENTH,https://ieeexplore.ieee.org/abstract/document/9700730,
2021,Bassam Alrifaee,3-Control,2-Model Predictive Control,Trajectory Optimiziaton,MPC+Sequential Linearization,Sequential Convex Programming Methods for Real-time Trajectory Optimization in Autonomous Vehicle Racing,Yes,No,-,-,https://www.techrxiv.org/articles/preprint/Sequential_Convex_Programming_Methods_for_Real-time_Trajectory_Optimization_in_Autonomous_Vehicle_Racing/16635205/1,
2022,Piccinini Mattia,2-Planning,2 - Local,Minimum-Time Local,NMPC + DNN,A predictive neural hierarchical framework for on-line time-optimal motion planning and control of black-box vehicle models,Yes,No,-,-,https://www.tandfonline.com/doi/full/10.1080/00423114.2022.2035776,
2022,Betz Johannes,0-Introduction,Overall Autonomous Racing,Survey Paper,-,Autonomous Vehicles on the Edge: A Survey on Autonomous Vehicle Racing,No,No,-,-,https://arxiv.org/abs/2202.07008,
2021,Reiter Rudolf,2-Planning,2 - Local,Local Path Planner,MILP+OCP,Mixed-integer optimization-based planning for autonomous racing with obstacles and rewards,Yes,Yes,Real Car,Roborace,https://www.sciencedirect.com/science/article/pii/S2405896321013057,
2018,Bassam Alrifaee,3-Control,2-Model Predictive Control,Local Path Planner,MPC,Real-time Trajectory optimization for Autonomous Vehicle Racing using Sequential Linearization,Yes,No,-,-,https://ieeexplore.ieee.org/document/8500634/,
2022,Thakkar Rishabh,4-End-to-End,2-Reinforcement Learning,Hierarchical Planning,,Hierarchical Control for Multi-Agent Autonomous Racing,Yes,No,-,-,https://arxiv.org/abs/2202.12861,
2022,Suiyi He,2-Planning,4 - Planning&Control,Local Path Planner,MPC,Autonomous Racing with Multiple Vehicles using a Parallelized Optimization with Safety Guarantee using Control Barrier Functions,Yes,No,Small-Scale,F1TENTH,https://www.researchgate.net/profile/Jun-Zeng-26/publication/357013481_Autonomous_Racing_with_Multiple_Vehicles_using_a_Parallelized_Optimization_with_Safety_Guarantee_using_Control_Barrier_Functions/links/624038ad8068956f3c50eab7/Autonomous-Racing-with-Multiple-Vehicles-using-a-Parallelized-Optimization-with-Safety-Guarantee-using-Control-Barrier-Functions.pdf,
2022,Hongrui Zheng,3-Control,5-Optimization,Evaluation and Tuning of Controller,Covariance Matrix Adaption Evolutionary Strategy,Gradient-free Multi-domain Optimization for Autonomous Systems,Yes,No,Small-Scale,F1TENTH,https://arxiv.org/abs/2202.13525,